date,% WEIGHTED ILI,%UNWEIGHTED ILI,AGE 0-4,AGE 5-24,ILITOTAL,NUM. OF PROVIDERS,OT,WEEK_NUMBER,INFLUENZA A,INFLUENZA B,INFLUENZA A AND B,UNKNOWN
9/29/03 0:00,0.884021,0.960873,808,881,2442,830,254144,2003-40,0,0,0,0
10/6/03 0:00,1.02773,1.04325,913,1132,2932,931,281045,2003-41,1,0,0,0
10/13/03 0:00,1.28296,1.0545,878,1147,3031,974,287436,2003-42,0,0,0,0
10/20/03 0:00,1.32661,1.11231,1006,1369,3475,1007,312412,2003-43,0,0,0,0
10/27/03 0:00,1.77304,1.41274,1207,2080,4690,1074,331980,2003-44,3,0,0,0
11/3/03 0:00,2.43814,1.72703,1542,2735,5790,1111,335258,2003-45,11,0,0,1
11/10/03 0:00,2.72605,2.407,2185,4133,8385,1141,348359,2003-46,39,0,0,5
11/17/03 0:00,3.73192,3.10962,2561,5684,11141,1129,358275,2003-47,79,0,0,11
11/24/03 0:00,4.54894,4.30779,3247,4933,11742,1118,272576,2003-48,101,1,0,14
12/1/03 0:00,5.39906,4.8303,4734,7817,18948,1189,392274,2003-49,123,1,0,35
12/8/03 0:00,7.38735,6.42905,6620,11550,24962,1173,388269,2003-50,137,1,0,47
12/15/03 0:00,7.48097,6.86734,6434,9851,23699,1148,345097,2003-51,157,1,0,73
12/22/03 0:00,7.62797,7.06496,5336,5231,16415,1122,232344,2003-52,145,0,0,40
12/29/03 0:00,5.14051,4.55115,3391,2894,11332,1139,248992,2004-1,43,0,0,11
1/5/04 0:00,2.89129,2.41833,1930,2299,7602,1160,314349,2004-2,30,1,0,16
1/12/04 0:00,2.10429,1.80906,1679,1857,5583,1141,308614,2004-3,14,0,0,11
1/19/04 0:00,1.88696,1.71202,1721,1604,4961,1084,289774,2004-4,4,0,0,3
1/26/04 0:00,1.7766,1.5425,1487,1543,4436,1071,287586,2004-5,4,0,0,4
2/2/04 0:00,1.46001,1.43787,1454,1448,4251,1054,295646,2004-6,3,0,0,0
2/9/04 0:00,1.37787,1.32427,1420,1297,3824,986,288762,2004-7,1,0,0,1
2/16/04 0:00,1.30532,1.30726,1301,1255,3691,1004,282347,2004-8,2,0,0,1
2/23/04 0:00,1.08691,1.03698,956,1038,2916,948,281202,2004-9,0,0,0,0
3/1/04 0:00,0.991888,1.01032,925,910,2744,894,271597,2004-10,1,0,0,2
3/8/04 0:00,1.02765,1.05249,878,888,2708,897,257294,2004-11,0,0,0,1
3/15/04 0:00,1.0579,1.02009,730,826,2487,849,243802,2004-12,0,0,0,0
3/22/04 0:00,0.849361,0.924419,760,733,2300,859,248805,2004-13,1,0,0,0
3/29/04 0:00,0.747127,0.790645,610,611,1858,828,234998,2004-14,0,0,0,0
4/5/04 0:00,0.661708,0.80261,583,566,1705,774,212432,2004-15,0,0,0,0
4/12/04 0:00,0.679514,0.83613,545,573,1749,755,209178,2004-16,0,0,0,0
4/19/04 0:00,0.633071,0.792436,501,511,1615,679,203802,2004-17,0,0,0,0
9/27/04 0:00,0.782758,0.971643,333,382,1116,364,114857,2004-40,0,0,0,0
10/4/04 0:00,0.982275,0.897159,877,1256,3171,1176,353449,2004-41,0,1,0,0
10/11/04 0:00,1.01821,1.02248,1071,1373,3631,1187,355116,2004-42,0,0,0,0
10/18/04 0:00,1.1768,1.06296,1240,1534,4019,1267,378094,2004-43,0,0,0,0
10/25/04 0:00,1.30121,1.14696,1190,1671,4369,1293,380921,2004-44,0,0,0,0
11/1/04 0:00,1.27746,1.20495,1327,1718,4551,1302,377692,2004-45,0,1,0,0
11/8/04 0:00,1.40387,1.30517,1497,1874,4969,1344,380718,2004-46,6,0,0,0
11/15/04 0:00,1.40301,1.28699,1531,1874,4983,1336,387182,2004-47,1,0,0,0
11/22/04 0:00,1.73975,1.59468,1490,1678,4713,1341,295546,2004-48,0,1,0,0
11/29/04 0:00,1.56894,1.39714,1538,2059,5407,1369,387004,2004-49,0,3,0,0
12/6/04 0:00,1.65927,1.44996,1551,2052,5428,1346,374356,2004-50,5,2,0,0
12/13/04 0:00,1.81341,1.61745,1670,2071,5755,1379,355806,2004-51,9,1,0,0
12/20/04 0:00,2.37626,2.19112,1856,1807,5689,1288,259639,2004-52,22,2,0,1
1/3/05 0:00,2.40064,2.17645,2010,2450,8041,1383,369455,2005-1,24,6,0,2
1/10/05 0:00,2.54155,2.20171,2188,2982,8323,1342,378024,2005-2,25,9,0,0
1/17/05 0:00,2.85871,2.53012,2199,3682,9328,1348,368678,2005-3,44,7,0,1
1/24/05 0:00,3.55011,3.06524,2747,5364,12422,1334,405254,2005-4,39,8,0,4
1/31/05 0:00,4.58591,3.98061,3086,7650,16192,1303,406772,2005-5,44,12,0,2
2/7/05 0:00,5.05809,4.59568,3626,8854,19369,1324,421461,2005-6,47,9,0,3
2/14/05 0:00,5.44151,4.75197,3834,8400,19931,1330,419426,2005-7,32,10,0,16
2/21/05 0:00,4.4729,4.17962,3720,6759,16630,1280,397883,2005-8,23,16,0,15
2/28/05 0:00,3.6752,3.45359,2997,5343,13234,1268,383196,2005-9,21,14,0,8
3/7/05 0:00,3.3353,3.15852,2728,4494,11601,1227,367292,2005-10,17,13,0,3
3/14/05 0:00,2.76224,2.6732,2416,3513,9502,1185,355454,2005-11,12,10,0,0
3/21/05 0:00,2.46844,2.35161,2145,2771,7900,1148,335940,2005-12,10,13,0,2
3/28/05 0:00,2.00081,1.89243,1827,2133,6329,1103,334438,2005-13,9,9,0,0
4/4/05 0:00,1.54319,1.5249,1422,1737,4816,1048,315823,2005-14,5,4,0,0
4/11/05 0:00,1.50195,1.41134,1356,1603,4445,1000,314948,2005-15,2,4,0,0
4/18/05 0:00,1.22918,1.25068,1096,1469,3825,978,305833,2005-16,1,0,0,0
4/25/05 0:00,1.21854,1.20702,1117,1411,3646,971,302065,2005-17,3,2,0,0
10/3/05 0:00,1.17778,1.07635,1172,1256,3586,1113,333164,2005-40,2,0,0,0
10/10/05 0:00,1.21947,1.05869,1285,1247,3582,1160,338343,2005-41,2,0,0,0
10/17/05 0:00,1.3069,1.11523,1393,1525,4122,1216,369609,2005-42,0,1,0,0
10/24/05 0:00,1.33931,1.12381,1439,1599,4248,1237,377999,2005-43,0,0,0,0
10/31/05 0:00,1.58374,1.25489,1639,1894,5005,1280,398840,2005-44,5,1,0,0
11/7/05 0:00,1.47072,1.33661,1563,1929,5038,1272,376924,2005-45,1,0,0,0
11/14/05 0:00,1.6112,1.37864,1679,1951,5276,1277,382697,2005-46,3,1,0,0
11/21/05 0:00,1.82699,1.60829,1666,1593,4802,1301,298578,2005-47,4,1,0,0
11/28/05 0:00,1.77482,1.48311,1858,2176,5966,1325,402264,2005-48,6,1,0,1
12/5/05 0:00,1.94451,1.65374,1987,2463,6371,1328,385248,2005-49,11,0,0,0
12/12/05 0:00,2.35512,2.00679,2241,3063,7697,1318,383548,2005-50,14,0,0,1
12/19/05 0:00,3.10878,2.56857,2696,3058,8577,1287,333921,2005-51,35,1,0,3
12/26/05 0:00,3.28238,3.05278,2678,2561,8842,1273,289638,2005-52,66,1,0,2
1/2/06 0:00,2.62914,2.42504,2422,2366,8339,1319,343871,2006-1,68,0,0,1
1/9/06 0:00,2.2515,2.00195,2272,2921,7882,1339,393716,2006-2,55,0,0,3
1/16/06 0:00,2.35858,2.05869,2249,3150,7858,1297,381699,2006-3,74,0,0,4
1/23/06 0:00,2.41881,2.21277,2643,3646,9114,1331,411882,2006-4,87,1,0,0
1/30/06 0:00,2.52752,2.3222,2612,4153,9551,1320,411291,2006-5,120,1,0,5
2/6/06 0:00,2.64954,2.49279,2754,4593,10427,1311,418286,2006-6,120,3,0,14
2/13/06 0:00,3.12935,2.79489,2624,4979,11226,1288,401661,2006-7,132,2,0,19
2/20/06 0:00,3.12442,2.96911,2753,5284,11901,1288,400827,2006-8,142,10,0,9
2/27/06 0:00,3.13099,2.83959,2579,5008,11343,1275,399459,2006-9,153,15,0,5
3/6/06 0:00,3.08261,2.77799,2564,5106,11261,1257,405365,2006-10,155,28,0,10
3/13/06 0:00,2.64431,2.47287,2330,4154,9322,1241,376971,2006-11,129,25,0,4
3/20/06 0:00,2.42295,2.18061,1895,3709,8064,1217,369804,2006-12,102,26,0,3
3/27/06 0:00,2.31141,2.0168,1697,3393,7313,1165,362605,2006-13,65,28,0,0
4/3/06 0:00,1.86383,1.64101,1437,2660,5738,1133,349662,2006-14,45,15,0,3
4/10/06 0:00,1.44943,1.35829,1181,2014,4547,1087,334760,2006-15,22,16,0,0
4/17/06 0:00,1.30227,1.1428,959,1479,3550,1045,310641,2006-16,22,7,0,1
4/24/06 0:00,1.13459,1.04031,836,1382,3177,1017,305389,2006-17,18,3,0,1
10/2/06 0:00,1.15384,1.20322,1434,1699,4513,1323,375076,2006-40,1,0,0,0
10/9/06 0:00,1.14819,1.05788,1278,1602,4072,1361,384920,2006-41,1,0,0,0
10/16/06 0:00,1.22736,1.13054,1543,1830,4737,1425,419005,2006-42,3,0,0,0
10/23/06 0:00,1.21744,1.12552,1582,1996,4888,1445,434287,2006-43,1,0,0,0
10/30/06 0:00,1.32813,1.20808,1672,2270,5380,1473,445334,2006-44,4,1,0,0
11/6/06 0:00,1.47754,1.34952,2112,2393,6139,1497,454901,2006-45,12,0,0,0
11/13/06 0:00,1.5339,1.4689,2355,2681,6668,1474,453945,2006-46,2,0,0,0
11/20/06 0:00,1.91269,1.82767,2188,2202,6156,1488,336822,2006-47,4,0,0,1
11/27/06 0:00,1.838,1.6656,2573,2792,7530,1486,452089,2006-48,11,1,0,0
12/4/06 0:00,1.95376,1.85968,2643,3244,8122,1493,436741,2006-49,15,1,0,0
12/11/06 0:00,2.40407,2.38891,3270,4470,10396,1492,435177,2006-50,17,3,0,1
12/18/06 0:00,2.87453,2.78978,3387,4065,10192,1435,365334,2006-51,39,4,0,0
12/25/06 0:00,3.02597,3.11549,3243,2868,8913,1359,286087,2006-52,38,4,0,3
1/1/07 0:00,2.37817,2.26942,2927,2481,8386,1490,369521,2007-1,32,3,0,1
1/8/07 0:00,2.09232,1.86355,2507,2756,7761,1467,416464,2007-2,32,1,0,2
1/15/07 0:00,2.29396,1.99986,2548,3248,7909,1470,395477,2007-3,50,6,0,0
1/22/07 0:00,2.74501,2.4406,3410,4684,10888,1495,446119,2007-4,57,2,0,4
1/29/07 0:00,3.04434,2.83018,3456,5648,12120,1472,428241,2007-5,71,5,0,0
2/5/07 0:00,3.49999,3.12343,3840,6995,14197,1484,454533,2007-6,87,11,0,9
2/12/07 0:00,3.57851,3.27019,3879,6668,14031,1461,429057,2007-7,82,7,0,13
2/19/07 0:00,3.28979,3.17757,3728,6537,14048,1460,442099,2007-8,76,19,0,2
2/26/07 0:00,2.89149,2.72364,3016,5429,11801,1428,433281,2007-9,74,15,0,2
3/5/07 0:00,2.62075,2.50201,2798,4937,10715,1408,428255,2007-10,66,15,0,4
3/12/07 0:00,2.53387,2.4272,2668,4031,9597,1361,395394,2007-11,77,13,0,0
3/19/07 0:00,2.07251,1.96041,2049,3307,7562,1333,385735,2007-12,60,8,0,1
3/26/07 0:00,1.87084,1.5914,1664,2508,6148,1303,386327,2007-13,57,6,0,0
4/2/07 0:00,1.40042,1.36978,1445,1803,4958,1284,361955,2007-14,32,6,0,0
4/9/07 0:00,1.46887,1.36317,1429,1821,4869,1240,357183,2007-15,27,5,0,2
4/16/07 0:00,1.15514,1.1737,1257,1523,4179,1206,356055,2007-16,28,9,0,0
4/23/07 0:00,1.07901,1.06358,1152,1386,3695,1152,347413,2007-17,26,4,0,3
10/1/07 0:00,0.995184,1.07197,2187,1997,5641,1373,526227,2007-40,6,0,0,0
10/8/07 0:00,1.22003,1.21786,2387,2433,6444,1429,529126,2007-41,2,0,0,1
10/15/07 0:00,1.28548,1.24576,2583,2551,6941,1449,557172,2007-42,4,0,0,0
10/22/07 0:00,1.3775,1.35984,2871,2788,7434,1477,546680,2007-43,5,0,0,1
10/29/07 0:00,1.46725,1.44671,3074,2998,7915,1485,547104,2007-44,8,2,0,2
11/5/07 0:00,1.55841,1.53286,3398,3303,8687,1539,566717,2007-45,5,1,0,1
11/12/07 0:00,1.61958,1.66653,3563,3290,9104,1516,546284,2007-46,10,1,0,1
11/19/07 0:00,1.8112,1.97488,3651,2631,8570,1523,433951,2007-47,17,1,0,3
11/26/07 0:00,1.61865,1.67305,3679,3158,9171,1513,548159,2007-48,18,2,0,0
12/3/07 0:00,1.62124,1.63405,3365,2907,8436,1487,516263,2007-49,18,3,0,1
12/10/07 0:00,1.67351,1.74595,3298,2694,8091,1453,463416,2007-50,24,2,0,0
12/17/07 0:00,1.95096,1.93643,3580,2724,8750,1420,451862,2007-51,40,4,0,3
12/24/07 0:00,2.50019,2.48905,3848,2348,8902,1426,357646,2007-52,50,8,0,7
12/31/07 0:00,2.43939,2.25405,3737,2568,9706,1486,430603,2008-1,38,9,0,8
1/7/08 0:00,2.29319,2.09147,3393,3644,11115,1509,531444,2008-2,52,10,0,1
1/14/08 0:00,2.62907,2.35934,3664,4900,12197,1511,516966,2008-3,57,19,0,4
1/21/08 0:00,3.92966,3.32331,4289,7661,17171,1508,516683,2008-4,100,29,0,3
1/28/08 0:00,4.99202,4.43381,5222,11974,24812,1514,559609,2008-5,185,44,0,9
2/4/08 0:00,5.7776,5.34547,6059,15323,31896,1526,596692,2008-6,266,96,0,18
2/11/08 0:00,5.98318,5.42258,6244,14336,31625,1518,583210,2008-7,282,114,0,14
2/18/08 0:00,5.61677,5.30303,5922,12783,30245,1497,570334,2008-8,322,139,0,25
2/25/08 0:00,4.53234,4.24456,4978,9958,25027,1453,589626,2008-9,275,153,0,16
3/3/08 0:00,3.83249,3.628,4420,7849,20254,1445,558269,2008-10,245,121,0,16
3/10/08 0:00,3.21522,3.03463,3878,6112,16714,1412,550776,2008-11,210,117,0,12
3/17/08 0:00,2.69245,2.53595,3153,4493,13040,1395,514205,2008-12,128,102,0,13
3/24/08 0:00,2.03366,2.0573,2689,3395,10376,1379,504350,2008-13,76,69,0,5
3/31/08 0:00,1.65275,1.7415,2372,2697,8583,1327,492850,2008-14,61,65,0,3
4/7/08 0:00,1.3113,1.40652,2045,2354,7045,1318,500881,2008-15,27,39,0,1
4/14/08 0:00,1.1652,1.26861,1857,2013,6079,1288,479187,2008-16,21,32,0,1
4/21/08 0:00,1.02035,1.07719,1572,1713,4953,1208,459808,2008-17,10,17,0,0
9/29/08 0:00,1.06828,1.02284,1535,2352,5687,1435,555999,2008-40,3,0,0,0
10/6/08 0:00,1.00756,1.03017,1861,2291,5959,1500,578446,2008-41,11,0,0,0
10/13/08 0:00,0.979399,1.01245,1869,2219,5896,1525,582351,2008-42,3,0,0,1
10/20/08 0:00,1.04943,1.08359,1976,2474,6485,1527,598473,2008-43,10,0,1,0
10/27/08 0:00,1.13218,1.16578,2119,2547,6987,1545,599343,2008-44,9,0,0,0
11/3/08 0:00,1.13156,1.1913,2276,2668,7297,1555,612526,2008-45,11,0,0,1
11/10/08 0:00,1.15469,1.28075,2512,2854,7667,1555,598635,2008-46,8,1,1,2
11/17/08 0:00,1.20448,1.27053,2600,2828,7733,1563,608646,2008-47,12,2,0,0
11/24/08 0:00,1.36081,1.59578,3024,2412,7634,1523,478386,2008-48,8,2,0,1
12/1/08 0:00,1.30322,1.4585,3114,2913,8708,1551,597052,2008-49,15,4,0,3
12/8/08 0:00,1.30204,1.49921,3252,3024,8689,1543,579573,2008-50,17,0,0,1
12/15/08 0:00,1.45109,1.62982,3137,2579,7812,1416,479318,2008-51,16,0,0,0
12/22/08 0:00,1.79927,2.15561,3897,2367,8706,1484,403876,2008-52,29,5,0,2
12/29/08 0:00,2.12134,2.02053,3814,2042,8603,1490,425780,2009-1,25,4,0,1
1/5/09 0:00,1.47138,1.54566,3245,2548,8956,1539,579428,2009-2,49,4,0,1
1/12/09 0:00,1.61555,1.64224,3142,3345,9289,1512,565631,2009-3,48,9,0,1
1/19/09 0:00,1.95333,1.96524,3602,4597,11456,1566,582932,2009-4,80,8,1,4
1/26/09 0:00,2.42907,2.34368,4039,6602,14324,1554,611176,2009-5,90,14,0,4
2/2/09 0:00,2.96686,2.86057,4606,8882,18268,1580,638613,2009-6,120,25,1,8
2/9/09 0:00,3.57354,3.3421,5064,11215,21667,1569,648304,2009-7,148,31,0,6
2/16/09 0:00,3.36653,3.20566,4848,9851,20022,1543,624583,2009-8,116,54,1,10
2/23/09 0:00,3.2962,3.10049,4694,10092,20450,1544,659573,2009-9,106,45,0,4
3/2/09 0:00,3.17227,2.95819,4420,9116,18441,1534,623389,2009-10,95,52,0,9
3/9/09 0:00,2.5804,2.46381,4046,7446,15711,1524,637672,2009-11,69,33,0,9
3/16/09 0:00,2.42922,2.19272,3657,6036,13277,1494,605503,2009-12,53,40,0,2
3/23/09 0:00,1.99028,1.87395,3237,5052,11400,1470,608342,2009-13,32,23,0,2
3/30/09 0:00,1.72423,1.64817,2829,4283,9669,1440,586651,2009-14,21,20,0,1
4/6/09 0:00,1.60355,1.49878,2577,3407,8460,1422,564460,2009-15,10,4,0,1
8/24/09 0:00,2.38017,2.47166,2883,8253,14556,1320,588916,2009-35,83,0,0,1
8/31/09 0:00,3.44681,3.71969,3713,13114,21350,1358,573972,2009-36,207,3,2,1
9/7/09 0:00,4.05315,3.94975,4087,13407,22561,1367,571201,2009-37,198,3,2,1
9/14/09 0:00,4.26621,4.08756,4445,15326,26091,1380,638302,2009-38,260,3,3,3
9/28/09 0:00,4.8861,4.60362,4974,16291,27919,1331,606458,2009-40,707,0,5,7
10/5/09 0:00,6.06923,5.66087,9302,27406,48420,2056,855346,2009-41,952,2,7,6
10/12/09 0:00,7.09467,6.81522,11527,32585,58196,2134,853912,2009-42,1022,4,2,4
10/19/09 0:00,7.7151,7.61889,13187,39364,69068,2162,906536,2009-43,887,2,3,1
10/26/09 0:00,7.55134,7.38836,13174,36860,66411,2167,898860,2009-44,675,5,2,4
11/2/09 0:00,6.67118,6.33927,12161,30860,57017,2197,899425,2009-45,453,2,1,4
11/9/09 0:00,5.20633,4.94349,10151,21112,42729,2191,864348,2009-46,324,0,2,2
11/16/09 0:00,4.04477,3.80996,8979,14652,32520,2157,853552,2009-47,186,2,4,1
11/23/09 0:00,3.49722,3.44106,7716,8237,22508,2146,654101,2009-48,122,0,2,1
11/30/09 0:00,2.69023,2.66773,7195,7988,21730,2122,814550,2009-49,86,1,3,2
12/7/09 0:00,2.47119,2.47183,6490,7218,19325,2093,781811,2009-50,70,0,2,0
12/14/09 0:00,2.44773,2.345,6275,5785,17081,2014,728401,2009-51,66,1,1,0
12/21/09 0:00,2.64594,2.71435,6078,4127,14575,1934,536961,2009-52,75,2,0,0
1/4/10 0:00,1.90712,1.98284,4998,3961,14299,1996,721138,2010-1,56,1,1,0
1/11/10 0:00,1.86738,1.82749,4877,4614,14088,2016,770895,2010-2,53,2,0,1
1/18/10 0:00,1.88072,1.92606,5399,5079,14757,2053,766177,2010-3,56,0,1,0
1/25/10 0:00,1.96908,1.92495,5333,5655,15122,2026,785580,2010-4,37,0,2,0
2/1/10 0:00,2.11387,2.08877,5816,6142,16037,1996,767773,2010-5,48,3,3,0
2/8/10 0:00,2.09695,2.03434,5496,5577,15381,1977,756068,2010-6,33,4,2,1
2/15/10 0:00,1.90294,1.97649,5388,5536,15065,1954,762208,2010-7,48,1,2,0
2/22/10 0:00,1.96951,1.99362,5040,6207,16087,1990,806925,2010-8,37,3,1,0
3/1/10 0:00,1.92331,1.85383,4281,5685,14486,1953,781411,2010-9,39,2,1,1
3/8/10 0:00,1.89659,1.8673,4612,5270,14354,1946,768702,2010-10,38,2,2,0
3/15/10 0:00,1.75181,1.69987,4063,4466,12601,1933,741293,2010-11,37,1,0,0
3/22/10 0:00,1.52632,1.49741,3625,4108,11191,1917,747358,2010-12,25,0,1,1
3/29/10 0:00,1.49572,1.45112,3408,3733,10359,1875,713863,2010-13,16,2,1,0
4/5/10 0:00,1.22313,1.20715,3090,2933,8813,1850,730068,2010-14,17,0,0,0
4/12/10 0:00,1.17754,1.17415,3117,3110,8801,1831,749563,2010-15,17,1,0,0
4/19/10 0:00,1.09112,1.16207,2921,3044,8362,1765,719580,2010-16,9,0,1,0
4/26/10 0:00,1.11958,1.17213,3081,2972,8440,1755,720054,2010-17,7,0,0,0
10/4/10 0:00,1.10939,1.13505,2627,3142,8473,1838,746485,2010-40,9,2,1,1
10/11/10 0:00,1.24341,1.25256,2953,3522,9347,1875,746230,2010-41,12,2,1,0
10/18/10 0:00,1.25726,1.2457,3044,3641,9684,1907,777397,2010-42,12,3,1,1
10/25/10 0:00,1.25734,1.26774,3226,3822,9904,1929,781234,2010-43,18,5,0,0
11/1/10 0:00,1.43414,1.43723,3451,4397,11020,1947,766753,2010-44,18,6,0,0
11/8/10 0:00,1.51838,1.53341,3927,4679,11807,1940,769982,2010-45,9,8,0,0
11/15/10 0:00,1.61617,1.69445,4416,5322,13336,1921,787038,2010-46,20,14,1,1
11/22/10 0:00,1.84378,1.9915,4598,4145,12079,1938,606527,2010-47,21,16,2,1
11/29/10 0:00,1.72535,1.81305,5045,4978,13997,1964,772016,2010-48,38,26,0,0
12/6/10 0:00,1.87923,2.01426,5060,5867,14958,1936,742606,2010-49,54,34,2,0
12/13/10 0:00,2.3371,2.55659,6300,7194,18022,1916,704923,2010-50,77,30,0,0
12/20/10 0:00,3.03533,3.38185,7295,7071,19899,1840,588406,2010-51,138,33,1,0
12/27/10 0:00,3.136,3.43172,7478,5764,20346,1887,592880,2010-52,209,37,1,2
1/3/11 0:00,2.53336,2.69151,6584,6342,20026,1923,744043,2011-1,197,45,4,6
1/10/11 0:00,2.91288,2.91063,6238,7773,20721,1921,711908,2011-2,246,30,6,0
1/17/11 0:00,3.44497,3.49232,7247,11243,26257,1964,751850,2011-3,321,38,0,1
1/24/11 0:00,4.16185,4.0037,8007,15291,31975,1947,798637,2011-4,382,40,3,2
1/31/11 0:00,4.55159,4.43534,8195,16366,34284,1970,772974,2011-5,457,63,2,4
2/7/11 0:00,4.46504,4.24215,8036,16516,34456,1961,812230,2011-6,398,63,2,3
2/14/11 0:00,4.55124,4.39719,8172,17493,36567,1910,831600,2011-7,520,62,3,7
2/21/11 0:00,4.0822,3.90256,7839,13718,31277,1908,801449,2011-8,522,87,2,8
2/28/11 0:00,3.38812,3.15073,6376,10496,24627,1860,781629,2011-9,454,73,1,2
3/7/11 0:00,2.99142,2.72422,5691,8427,20377,1829,747993,2011-10,338,74,0,2
3/14/11 0:00,2.61542,2.33336,5363,6702,17309,1823,741807,2011-11,265,67,2,4
3/21/11 0:00,2.09065,1.925,4400,5489,14031,1790,728883,2011-12,173,38,0,3
3/28/11 0:00,1.86146,1.75243,4189,5025,12957,1770,739375,2011-13,101,45,0,1
4/4/11 0:00,1.61377,1.57704,3701,4557,11498,1723,729089,2011-14,70,37,1,0
4/11/11 0:00,1.42199,1.35766,3164,3562,9391,1681,691707,2011-15,58,24,0,0
4/18/11 0:00,1.3382,1.31223,3139,3064,8695,1651,662612,2011-16,26,24,0,0
4/25/11 0:00,1.19995,1.14937,2895,2673,7830,1612,681240,2011-17,21,12,0,0
10/3/11 0:00,1.16092,1.20345,3106,3485,9365,1850,778182,2011-40,5,3,0,0
10/10/11 0:00,1.19785,1.23777,3317,3667,9803,1883,791987,2011-41,2,1,1,1
10/17/11 0:00,1.27926,1.25259,3324,3837,9958,1905,794995,2011-42,6,2,0,0
10/24/11 0:00,1.29194,1.30546,3453,4035,10298,1900,788840,2011-43,2,0,0,0
10/31/11 0:00,1.42824,1.45295,3634,4658,11396,1925,784334,2011-44,2,3,0,1
11/7/11 0:00,1.39803,1.44089,3949,4348,11496,1946,797839,2011-45,1,0,0,1
11/14/11 0:00,1.45831,1.46221,3923,4361,11721,1900,801594,2011-46,4,0,0,0
11/21/11 0:00,1.56548,1.65573,4125,3340,10377,1918,626731,2011-47,7,2,0,0
11/28/11 0:00,1.34313,1.46606,4237,3955,11479,1904,782984,2011-48,7,2,0,0
12/5/11 0:00,1.48139,1.51811,3995,4040,11187,1898,736905,2011-49,3,4,0,1
12/12/11 0:00,1.63398,1.66429,4579,4097,12137,1872,729258,2011-50,11,5,0,0
12/19/11 0:00,1.83126,1.85274,5016,3535,11958,1851,645424,2011-51,11,2,0,1
12/26/11 0:00,2.10451,2.12413,5243,3184,12356,1821,581697,2011-52,23,3,0,0
1/2/12 0:00,1.73625,1.76709,4514,3393,11992,1891,678631,2012-1,17,6,0,1
1/9/12 0:00,1.55066,1.5434,4059,3636,11543,1883,747894,2012-2,21,1,0,0
1/16/12 0:00,1.62891,1.64762,4364,4030,11939,1887,724623,2012-3,20,3,0,0
1/23/12 0:00,1.76038,1.6843,4766,4802,13209,1891,784244,2012-4,28,1,0,0
1/30/12 0:00,1.92728,1.86354,5218,5336,14448,1885,775298,2012-5,53,5,0,0
2/6/12 0:00,1.91994,1.86408,5028,5555,14624,1875,784516,2012-6,53,5,0,0
2/13/12 0:00,2.09951,2.01839,5277,5994,15929,1884,789193,2012-7,84,6,0,1
2/20/12 0:00,2.23973,2.10385,5246,5990,16137,1853,767022,2012-8,106,4,0,0
2/27/12 0:00,2.21921,2.09555,5219,6239,16518,1826,788242,2012-9,152,15,1,0
3/5/12 0:00,2.16693,2.10398,4811,6493,15763,1816,749198,2012-10,210,7,1,0
3/12/12 0:00,2.38913,2.2941,5175,6768,17150,1819,747570,2012-11,282,15,0,0
3/19/12 0:00,1.96466,1.92223,4422,5683,14524,1780,755579,2012-12,268,25,1,0
3/26/12 0:00,1.84229,1.74239,3807,5256,13017,1753,747079,2012-13,189,36,2,1
4/2/12 0:00,1.68674,1.67601,3582,4631,11930,1729,711808,2012-14,162,33,0,0
4/9/12 0:00,1.53136,1.49637,3253,4059,10732,1707,717202,2012-15,160,38,0,1
4/16/12 0:00,1.37912,1.38202,3001,4020,10123,1699,732480,2012-16,126,40,1,0
4/23/12 0:00,1.29515,1.28926,2638,3802,9370,1675,726772,2012-17,89,27,1,0
10/1/12 0:00,1.23034,1.20559,2773,3691,9395,1932,779285,2012-40,5,4,0,2
10/8/12 0:00,1.3278,1.31929,2960,4007,10158,1940,769959,2012-41,4,2,0,0
10/15/12 0:00,1.33995,1.32737,3202,4233,10585,1968,797444,2012-42,12,2,0,1
10/22/12 0:00,1.37842,1.36688,3346,4268,10913,1958,798388,2012-43,10,0,0,0
10/29/12 0:00,1.50085,1.50535,3326,4422,11061,1929,734781,2012-44,15,9,0,1
11/5/12 0:00,1.65163,1.61273,3733,5145,12674,1974,785871,2012-45,36,16,1,1
11/12/12 0:00,1.76746,1.75208,4034,5526,13623,1966,777534,2012-46,52,24,0,0
11/19/12 0:00,2.30609,2.33365,4651,5387,14650,1968,627772,2012-47,115,18,0,0
11/26/12 0:00,2.16324,2.2268,5102,7018,18521,2006,831730,2012-48,182,39,0,1
12/3/12 0:00,2.83038,2.97657,6486,10857,24877,2006,835762,2012-49,324,71,0,0
12/10/12 0:00,3.43761,3.62552,7446,12945,29432,1977,811800,2012-50,476,67,2,1
12/17/12 0:00,4.30554,4.5532,8546,13971,34332,1908,754019,2012-51,774,104,1,5
12/24/12 0:00,6.06082,6.02598,9709,11391,36588,1905,607171,2012-52,1315,102,0,0
12/31/12 0:00,4.64931,4.96368,8444,9108,34103,1982,687051,2013-1,1371,146,2,6
1/7/13 0:00,4.32584,4.69072,8297,13424,39896,1995,850531,2013-2,1251,134,1,5
1/14/13 0:00,4.51113,4.70473,8633,15992,39441,2008,838326,2013-3,917,135,6,4
1/21/13 0:00,4.2171,4.1646,7441,13439,32426,1978,778610,2013-4,758,115,1,2
1/28/13 0:00,3.78956,3.69533,6609,12653,29808,1963,806640,2013-5,576,141,1,6
2/4/13 0:00,3.29206,3.2363,5757,10816,24987,1931,772086,2013-6,423,120,3,6
2/11/13 0:00,3.0197,2.89421,5289,9395,22321,1926,771229,2013-7,338,146,3,3
2/18/13 0:00,2.71499,2.71742,5099,8415,20519,1940,755092,2013-8,231,144,1,0
2/25/13 0:00,2.4845,2.52297,4633,7981,19231,1893,762238,2013-9,201,137,0,0
3/4/13 0:00,2.57808,2.55227,4791,7709,18829,1884,737736,2013-10,140,143,0,0
3/11/13 0:00,2.39237,2.43225,4480,7065,17392,1846,715059,2013-11,102,159,0,1
3/18/13 0:00,2.06778,2.10851,3957,6095,15254,1825,723449,2013-12,76,129,0,1
3/25/13 0:00,1.90281,1.94725,3830,5204,13714,1811,704276,2013-13,42,121,1,0
4/1/13 0:00,1.65902,1.74859,3516,4299,12273,1769,701881,2013-14,40,125,1,0
4/8/13 0:00,1.43006,1.49713,3110,3929,10818,1742,722583,2013-15,26,80,2,0
4/15/13 0:00,1.27757,1.32313,2707,3509,9188,1732,694415,2013-16,19,35,1,0
4/22/13 0:00,1.19009,1.22647,2588,3364,8589,1711,700300,2013-17,17,33,2,1
9/30/13 0:00,1.15746,1.13249,2974,3769,9677,1960,854487,2013-40,6,3,0,0
10/7/13 0:00,1.27184,1.21121,3276,3925,10420,1990,860298,2013-41,16,4,0,1
10/14/13 0:00,1.31623,1.25682,3483,3880,10658,2018,848016,2013-42,13,6,0,0
10/21/13 0:00,1.37444,1.37097,3930,4484,12036,2027,877917,2013-43,17,4,0,0
10/28/13 0:00,1.46781,1.42956,4045,4642,12502,2028,874537,2013-44,25,6,2,0
11/4/13 0:00,1.5834,1.53588,4434,5062,13498,2017,878845,2013-45,28,9,0,1
11/11/13 0:00,1.60253,1.60267,4643,5000,13927,2054,868987,2013-46,55,5,0,1
11/18/13 0:00,1.72344,1.73267,4835,5579,15168,2012,875411,2013-47,95,4,0,0
11/25/13 0:00,2.11076,2.09858,4937,4313,13975,2042,665926,2013-48,152,5,1,1
12/2/13 0:00,2.1708,2.21374,5549,6579,18920,2055,854664,2013-49,257,13,1,0
12/9/13 0:00,2.36971,2.41674,5501,7046,19398,2054,802651,2013-50,289,11,1,1
12/16/13 0:00,3.15997,3.03071,6555,8406,24697,2009,814891,2013-51,528,15,1,1
12/23/13 0:00,4.59053,4.38724,7814,7485,26988,2007,615148,2013-52,830,20,3,2
12/30/13 0:00,4.28195,4.2112,7488,6726,28654,2033,680424,2014-1,1055,15,0,3
1/6/14 0:00,3.56288,3.46492,6233,7881,28147,2059,812343,2014-2,1003,25,2,3
1/13/14 0:00,3.36378,3.31698,6007,9517,28370,2049,855297,2014-3,818,26,2,7
1/20/14 0:00,3.39659,3.2407,5878,8858,25502,2062,786928,2014-4,617,43,3,8
1/27/14 0:00,3.11922,2.88598,5133,8714,23484,2051,813726,2014-5,540,31,1,2
2/3/14 0:00,2.83572,2.62172,4729,7711,21085,2051,804244,2014-6,452,31,0,4
2/10/14 0:00,2.48484,2.34067,4210,6717,18195,2018,777340,2014-7,318,30,3,2
2/17/14 0:00,2.2741,2.12059,4250,6121,17234,2025,812700,2014-8,241,34,4,0
2/24/14 0:00,2.07244,1.91094,3953,5875,15914,1978,832786,2014-9,198,44,3,2
3/3/14 0:00,1.98207,1.9023,3775,5575,15044,1944,790831,2014-10,143,39,2,1
3/10/14 0:00,1.82441,1.76619,3616,5022,14024,1904,794024,2014-11,131,51,2,1
3/17/14 0:00,1.82036,1.85791,3798,5611,14926,1922,803374,2014-12,125,65,2,2
3/24/14 0:00,1.75391,1.82094,3523,5812,14661,1887,805133,2014-13,120,67,0,0
3/31/14 0:00,1.74542,1.83453,3582,5659,14637,1866,797863,2014-14,126,84,0,1
4/7/14 0:00,1.67236,1.75446,3574,5587,14206,1845,809707,2014-15,126,101,1,1
4/14/14 0:00,1.51659,1.51636,3130,4279,11723,1810,773101,2014-16,70,117,1,0
4/21/14 0:00,1.44778,1.40334,2846,3770,10814,1771,770592,2014-17,98,126,0,1
9/29/14 0:00,1.16191,1.20612,2958,3994,10150,1937,841540,2014-40,15,4,0,0
10/6/14 0:00,1.30905,1.32485,3055,4437,10977,1960,828544,2014-41,28,5,0,1
10/13/14 0:00,1.37072,1.41192,3442,4728,11941,2000,845727,2014-42,37,10,2,0
10/20/14 0:00,1.43373,1.42547,3455,4955,12292,2008,862314,2014-43,19,7,0,0
10/27/14 0:00,1.42791,1.43909,3632,5102,12313,2053,855608,2014-44,25,3,1,0
11/3/14 0:00,1.61605,1.61532,4277,5799,13853,2058,857601,2014-45,42,6,1,1
11/10/14 0:00,1.65976,1.66473,4424,5816,14062,1997,844700,2014-46,62,5,1,0
11/17/14 0:00,2.05459,2.0058,4740,7322,16674,2058,831289,2014-47,121,8,2,0
11/24/14 0:00,2.53541,2.62227,5432,6848,17602,2067,671251,2014-48,327,10,0,0
12/1/14 0:00,2.54253,2.60749,6185,9106,22905,2097,878430,2014-49,618,19,3,1
12/8/14 0:00,3.60563,3.4178,7424,13050,29172,2069,853532,2014-50,977,21,4,2
12/15/14 0:00,4.90976,4.46555,9270,16418,37382,2016,837119,2014-51,1635,24,7,0
12/22/14 0:00,5.98221,6.11497,10363,13951,40533,1984,662849,2014-52,2447,37,13,3
12/29/14 0:00,5.47421,5.30979,9732,9406,36891,1983,694773,2015-1,1622,56,13,6
1/5/15 0:00,4.21374,4.07898,7160,9589,31483,1958,771835,2015-2,1110,47,4,0
1/12/15 0:00,4.21022,3.93762,7044,11966,31204,1971,792459,2015-3,789,70,5,3
1/19/15 0:00,4.25968,4.15076,7840,13949,33221,1966,800359,2015-4,685,62,4,2
1/26/15 0:00,3.97761,3.87899,7118,13159,30621,1955,789407,2015-5,599,86,4,1
2/2/15 0:00,3.63443,3.45794,6656,12093,28151,1950,814097,2015-6,451,106,1,3
2/9/15 0:00,3.26527,3.06359,6429,10328,25218,1917,823153,2015-7,319,117,3,0
2/16/15 0:00,2.93083,2.82646,5537,8164,21109,1907,746836,2015-8,240,155,4,1
2/23/15 0:00,2.54474,2.3599,4823,7280,19178,1934,812660,2015-9,205,145,6,4
3/2/15 0:00,2.47227,2.33472,4639,7116,18441,1912,789858,2015-10,131,208,3,1
3/9/15 0:00,2.35665,2.21286,4710,6748,17833,1907,805881,2015-11,117,201,3,1
3/16/15 0:00,2.17008,2.07619,4559,6084,16695,1883,804117,2015-12,98,197,2,0
3/23/15 0:00,2.04297,2.01267,4418,6003,16122,1848,801027,2015-13,67,207,1,1
3/30/15 0:00,1.954,1.94192,4174,5623,14975,1819,771143,2015-14,46,232,2,0
4/6/15 0:00,1.72287,1.74809,3903,4634,13733,1820,785602,2015-15,30,171,1,1
4/13/15 0:00,1.53694,1.50367,3448,4214,12044,1813,800974,2015-16,22,101,2,0
4/20/15 0:00,1.38283,1.43494,3182,4011,10860,1768,756827,2015-17,9,67,0,0
9/28/15 0:00,1.05995,1.1716,2170,2746,7626,1332,650904,2015-40,19,5,0,0
10/5/15 0:00,1.22559,1.24325,2849,3693,10049,1963,808287,2015-41,18,7,1,0
10/12/15 0:00,1.31066,1.3234,3016,4007,10715,1976,809660,2015-42,10,3,2,1
10/19/15 0:00,1.3711,1.40399,3263,4360,11584,1995,825079,2015-43,7,9,1,0
10/26/15 0:00,1.39171,1.37629,3141,4148,11164,1999,811165,2015-44,11,11,2,0
11/2/15 0:00,1.43712,1.46866,3563,4783,12423,2048,845875,2015-45,10,6,0,0
11/9/15 0:00,1.50165,1.533,3746,4725,12676,2028,826877,2015-46,15,4,5,1
11/16/15 0:00,1.59805,1.60841,3960,5076,13484,2023,838344,2015-47,17,4,2,2
11/23/15 0:00,1.89668,1.90047,3974,4073,12158,2000,639738,2015-48,13,10,1,0
11/30/15 0:00,1.67728,1.73645,4469,5076,14617,2040,841777,2015-49,22,12,1,0
12/7/15 0:00,1.78296,1.81945,4575,5384,14986,2020,823657,2015-50,28,11,1,0
12/14/15 0:00,1.87336,1.96571,5135,5105,15396,2000,783227,2015-51,42,19,0,2
12/21/15 0:00,2.32148,2.42021,5377,4317,14839,1978,613128,2015-52,44,11,2,0
1/4/16 0:00,1.94328,1.98859,4775,4494,15654,2004,787192,2016-1,64,42,1,0
1/11/16 0:00,1.99796,1.98985,4574,5362,15517,2005,779809,2016-2,54,30,2,0
1/18/16 0:00,2.11829,2.1071,4804,5380,15661,2008,743249,2016-3,76,29,0,0
1/25/16 0:00,2.25112,2.19256,5088,6882,18143,2026,827482,2016-4,125,38,1,0
2/1/16 0:00,2.37116,2.30014,5135,7353,18944,2007,823602,2016-5,178,59,0,0
2/8/16 0:00,2.80035,2.67574,5645,8434,21774,2000,813755,2016-6,247,82,2,0
2/15/16 0:00,3.16475,3.02427,5997,9325,24681,1993,816098,2016-7,432,129,1,3
2/22/16 0:00,3.15183,3.11328,6299,10127,26423,1956,848718,2016-8,574,131,3,3
2/29/16 0:00,3.3321,3.32788,6619,11415,28468,1952,855439,2016-9,758,150,5,3
3/7/16 0:00,3.56024,3.5918,6660,11856,30481,1922,848628,2016-10,987,196,3,2
3/14/16 0:00,3.05479,3.09262,5574,9334,24894,1898,804948,2016-11,800,161,4,0
3/21/16 0:00,2.76732,2.78803,5187,8489,21940,1900,786936,2016-12,648,183,2,3
3/28/16 0:00,2.44161,2.52371,4581,7392,19603,1832,776752,2016-13,510,203,3,1
4/4/16 0:00,2.03348,2.12928,3707,6403,16769,1813,787543,2016-14,325,190,1,2
4/11/16 0:00,1.98593,2.05142,3572,6595,16261,1805,792672,2016-15,233,167,5,0
4/18/16 0:00,1.91514,1.98957,3515,6357,15437,1774,775895,2016-16,162,157,2,1
4/25/16 0:00,1.69968,1.7858,3157,5557,13836,1759,774777,2016-17,104,121,0,0
10/3/16 0:00,1.2019,1.27386,3110,4169,10864,1946,852842,2016-40,15,8,1,1
10/10/16 0:00,1.23108,1.29342,3207,4078,10997,1973,850228,2016-41,24,3,0,0
10/17/16 0:00,1.26796,1.33097,3564,4452,11926,1983,896035,2016-42,23,5,1,0
10/24/16 0:00,1.36298,1.42662,3786,4769,12648,2006,886570,2016-43,33,5,0,0
10/31/16 0:00,1.48535,1.57071,4314,5287,13790,1999,877947,2016-44,33,7,0,1
11/7/16 0:00,1.55954,1.65146,4703,5193,14258,1990,863356,2016-45,45,11,1,1
11/14/16 0:00,1.64783,1.73309,4979,5610,15160,2000,874739,2016-46,42,8,0,0
11/21/16 0:00,1.91275,2.03388,5032,4567,14208,2011,698566,2016-47,71,12,3,1
11/28/16 0:00,1.81725,1.88331,5209,5655,16605,2001,881694,2016-48,92,20,2,1
12/5/16 0:00,1.91433,2.00292,5501,5812,16961,2013,846813,2016-49,154,12,3,0
12/12/16 0:00,2.21003,2.27731,5744,6724,18463,2000,810736,2016-50,214,14,2,0
12/19/16 0:00,2.73568,2.91465,6653,7469,21565,1977,739882,2016-51,416,41,1,2
12/26/16 0:00,3.36832,3.54919,7712,7144,24900,1928,701569,2016-52,871,50,3,0
1/2/17 0:00,3.09689,3.08102,6716,6786,24178,2024,784740,2017-1,1138,49,1,2
1/9/17 0:00,3.07346,3.01875,6020,8843,24897,1997,824746,2017-2,1022,53,3,0
1/16/17 0:00,3.51643,3.40446,6399,12147,28781,2029,845391,2017-3,1028,50,2,2
1/23/17 0:00,3.8027,3.52869,6958,14073,31265,2021,886023,2017-4,880,62,2,4
1/30/17 0:00,4.50313,4.10665,7452,17482,36517,2024,889216,2017-5,986,75,1,4
2/6/17 0:00,5.06308,4.7551,8110,20150,42890,2027,901978,2017-6,1186,118,4,4
2/13/17 0:00,4.86009,4.65163,7726,18692,41035,1967,882163,2017-7,1260,175,1,2
2/20/17 0:00,4.57916,4.57049,7649,17300,40124,1987,877892,2017-8,1243,270,2,1
2/27/17 0:00,3.55674,3.45522,6129,12394,30183,1995,873547,2017-9,719,193,4,3
3/6/17 0:00,3.50417,3.29505,5854,11552,28060,1971,851580,2017-10,558,252,5,5
3/13/17 0:00,3.21511,3.16426,5503,10084,25484,1958,805370,2017-11,458,321,4,3
3/20/17 0:00,3.10088,3.14433,5514,11503,27354,1940,869946,2017-12,426,426,5,4
3/27/17 0:00,2.79056,2.87936,5145,10149,24342,1899,845397,2017-13,330,456,2,1
4/3/17 0:00,2.38547,2.36977,4488,8178,19677,1906,830332,2017-14,188,383,3,1
4/10/17 0:00,1.9703,1.93853,3909,5847,15548,1861,802052,2017-15,124,274,1,1
4/17/17 0:00,1.73442,1.64064,3306,4683,13006,1845,792740,2017-16,64,209,2,1
4/24/17 0:00,1.56303,1.4752,2997,4497,11924,1846,808298,2017-17,44,132,4,0
10/2/17 0:00,1.26682,1.28278,3844,4553,12830,2205,1000168,2017-40,22,12,1,0
10/9/17 0:00,1.30662,1.33419,4120,4453,13269,2233,994535,2017-41,26,6,0,0
10/16/17 0:00,1.34866,1.41293,4409,4993,14319,2254,1013427,2017-42,59,10,0,0
10/23/17 0:00,1.51871,1.57884,5003,5529,15826,2251,1002381,2017-43,39,24,0,0
10/30/17 0:00,1.74793,1.70723,5219,6133,17068,2213,999750,2017-44,73,9,2,0
11/6/17 0:00,1.87047,1.86372,6108,6625,18994,2278,1019146,2017-45,89,12,0,0
11/13/17 0:00,2.06674,2.09726,6805,7478,21615,2281,1030631,2017-46,117,10,2,0
11/20/17 0:00,2.28188,2.34372,6945,5876,19817,2264,845535,2017-47,190,27,0,0
11/27/17 0:00,2.28528,2.24895,7008,7476,23755,2274,1056270,2017-48,294,35,2,2
12/4/17 0:00,2.5848,2.49852,7230,8491,24979,2263,999753,2017-49,356,40,2,0
12/11/17 0:00,3.36711,3.20443,8297,11277,31533,2255,984043,2017-50,602,68,3,2
12/18/17 0:00,4.71836,4.4305,10464,14164,42664,2204,962961,2017-51,1219,118,3,0
12/25/17 0:00,5.72036,5.46448,11301,11509,44986,2122,823244,2017-52,2120,239,6,2
1/1/18 0:00,5.77543,5.37416,9426,11748,47282,2235,879802,2018-1,2565,384,6,1
1/8/18 0:00,5.9083,5.54335,10082,17403,56922,2251,1026852,2018-2,2447,369,14,4
1/15/18 0:00,6.49095,6.34203,12004,21873,62937,2277,992379,2018-3,2137,406,12,3
1/22/18 0:00,7.17799,7.04897,13432,30671,77468,2279,1098998,2018-4,1993,460,8,4
1/29/18 0:00,7.52851,7.79783,14854,37252,86095,2265,1104089,2018-5,1738,493,11,5
2/5/18 0:00,7.38424,7.78892,15192,38457,87646,2290,1125265,2018-6,1409,601,10,4
2/12/18 0:00,6.46068,6.83583,13340,31984,75987,2215,1111598,2018-7,1141,662,13,2
2/19/18 0:00,4.95341,5.17354,10142,20394,52961,2259,1023689,2018-8,812,681,5,6
2/26/18 0:00,3.67274,3.55184,7190,13370,35932,2194,1011645,2018-9,514,498,10,3
3/5/18 0:00,3.2037,3.01348,6357,10841,29109,2203,965961,2018-10,327,476,1,1
3/12/18 0:00,2.78869,2.73862,5590,9479,25928,2188,946753,2018-11,265,533,3,2
3/19/18 0:00,2.50234,2.48438,5212,8635,23785,2168,957380,2018-12,238,415,1,2
3/26/18 0:00,2.41065,2.36593,4722,7216,20696,2131,874750,2018-13,233,410,1,2
4/2/18 0:00,2.07542,2.03306,4550,6211,19067,2117,937849,2018-14,168,373,2,1
4/9/18 0:00,1.78234,1.8062,4148,5508,16672,2076,923041,2018-15,106,278,2,0
4/16/18 0:00,1.61608,1.58958,3859,5269,14892,2103,936850,2018-16,92,203,1,0
4/23/18 0:00,1.53992,1.54077,3725,5343,14572,2079,945759,2018-17,98,186,1,0
10/1/18 0:00,1.41846,1.42429,4857,6300,17839,2565,1252483,2018-40,13,8,0,0
10/8/18 0:00,1.40418,1.48151,5307,6250,18561,2609,1252846,2018-41,13,16,0,0
10/15/18 0:00,1.47401,1.59449,5582,6799,19930,2586,1249933,2018-42,18,12,0,0
10/22/18 0:00,1.64257,1.72683,6242,7478,21616,2646,1251776,2018-43,13,17,0,0
10/29/18 0:00,1.79275,1.84522,6864,8285,23154,2633,1254812,2018-44,27,16,2,1
11/5/18 0:00,1.87043,1.93069,7504,8448,24073,2645,1246860,2018-45,38,14,1,0
11/12/18 0:00,1.98387,2.09114,7805,8050,24347,2631,1164292,2018-46,59,7,1,0
11/19/18 0:00,2.24169,2.41082,8598,7193,24612,2586,1020898,2018-47,79,15,0,0
11/26/18 0:00,2.14883,2.25019,8885,8787,29080,2640,1292335,2018-48,144,13,3,1
12/3/18 0:00,2.25531,2.30458,8803,9269,28356,2633,1230419,2018-49,173,22,1,1
12/10/18 0:00,2.64571,2.73758,10150,11373,33098,2622,1209022,2018-50,334,10,1,1
12/17/18 0:00,3.14075,3.24643,11507,12811,38236,2571,1177786,2018-51,537,20,5,1
12/24/18 0:00,3.97127,4.19267,13586,12026,43904,2545,1047161,2018-52,817,25,5,2
12/31/18 0:00,3.46125,3.63499,11675,9557,42094,2609,1158023,2019-1,853,28,2,1
1/7/19 0:00,3.07707,3.14077,9344,10744,38752,2629,1233836,2019-2,704,29,2,0
1/14/19 0:00,3.32915,3.36551,9668,14248,41109,2633,1221478,2019-3,588,27,2,3
1/21/19 0:00,3.81999,3.89305,10728,16925,46113,2614,1184495,2019-4,649,24,2,1
1/28/19 0:00,4.3419,4.5253,11606,22188,55187,2639,1219521,2019-5,830,28,0,3
2/4/19 0:00,4.88288,5.21525,13828,29688,69442,2644,1331519,2019-6,986,19,3,2
2/11/19 0:00,5.04211,5.43173,14224,29223,69978,2628,1288318,2019-7,1089,27,0,2
2/18/19 0:00,4.88596,5.2776,13612,26456,66345,2623,1257106,2019-8,1296,35,2,2
2/25/19 0:00,4.5499,4.59585,11622,23450,58735,2634,1278001,2019-9,1313,15,0,5
3/4/19 0:00,4.38001,4.40341,11146,21736,55348,2614,1256934,2019-10,1481,26,2,7
3/11/19 0:00,4.2288,4.13279,10975,20065,53133,2622,1285646,2019-11,1553,40,2,3
3/18/19 0:00,3.68449,3.56166,9559,16537,44786,2596,1257449,2019-12,1350,50,1,1
3/25/19 0:00,3.08744,3.05634,8621,13608,37844,2587,1238213,2019-13,996,38,1,1
4/1/19 0:00,2.69971,2.68251,7591,11757,32905,2597,1226648,2019-14,744,34,0,1
4/8/19 0:00,2.28549,2.26747,6739,9988,27803,2542,1226170,2019-15,486,34,0,1
4/15/19 0:00,2.01443,1.96931,6319,7894,23122,2517,1174114,2019-16,285,36,3,1
4/22/19 0:00,1.7141,1.72372,5689,6617,20583,2490,1194101,2019-17,186,47,1,1
9/30/19 0:00,1.49064,1.50415,6218,7658,21915,2896,1456967,2019-40,22,6,0,0
10/7/19 0:00,1.59269,1.59823,6550,7638,22953,2924,1436150,2019-41,23,11,0,0
10/14/19 0:00,1.72517,1.73838,7273,8277,24857,2950,1429897,2019-42,32,18,0,0
10/21/19 0:00,1.83428,1.8605,7892,9349,27419,2980,1473740,2019-43,32,22,2,1
10/28/19 0:00,2.04049,2.01425,8658,10068,28910,2989,1435277,2019-44,48,20,1,0
11/4/19 0:00,2.39351,2.36364,10557,12551,34586,3007,1463253,2019-45,56,31,0,0
11/11/19 0:00,2.63245,2.64431,11446,13671,37728,2976,1426760,2019-46,63,58,1,0
11/18/19 0:00,2.91944,2.97548,12714,17049,44148,2971,1483729,2019-47,92,91,0,1
11/25/19 0:00,3.41066,3.44787,14389,14717,43817,2971,1270842,2019-48,159,111,1,0
12/2/19 0:00,3.2622,3.31577,13839,16389,48877,2977,1474075,2019-49,177,186,2,1
12/9/19 0:00,3.94308,3.86928,14728,21877,56444,2947,1458774,2019-50,255,244,2,1
12/16/19 0:00,5.06529,5.02757,17999,29177,71584,2913,1423829,2019-51,398,305,2,0
12/23/19 0:00,7.06161,7.15315,24097,34004,95757,2905,1338669,2019-52,798,500,1,2
12/30/19 0:00,5.91974,6.22926,21564,23383,88681,2957,1423620,2020-1,880,663,5,1
1/6/20 0:00,4.94176,5.06974,15547,22747,75585,2987,1490905,2020-2,824,486,5,6
1/13/20 0:00,5.33174,5.35782,16587,29657,79746,2983,1488404,2020-3,842,376,5,2
1/20/20 0:00,6.08106,6.0261,18558,35216,90072,2984,1494697,2020-4,1020,320,4,1
1/27/20 0:00,6.74724,6.87271,20299,44117,108307,2984,1575900,2020-5,1192,357,2,3
2/3/20 0:00,6.7998,7.08261,20270,45491,111289,2994,1571300,2020-6,1394,355,7,3
2/10/20 0:00,6.11292,6.22068,17393,36909,95418,2958,1533883,2020-7,1188,270,4,1
2/17/20 0:00,5.55671,5.62148,15233,28328,79832,2909,1420123,2020-8,1226,233,3,4
2/24/20 0:00,5.12279,5.10226,13817,25487,74809,2934,1466192,2020-9,1102,177,3,4
3/2/20 0:00,5.26652,5.28928,13888,26396,78779,2901,1489410,2020-10,1005,142,4,2
3/9/20 0:00,5.67081,6.29229,14149,27752,89571,2836,1423503,2020-11,736,86,3,1
3/16/20 0:00,6.38029,7.35285,10790,17512,78584,2798,1068755,2020-12,315,47,4,1
3/23/20 0:00,4.91692,6.22687,5129,8322,53142,2727,853431,2020-13,73,15,3,1
3/30/20 0:00,3.78625,4.82995,2359,4852,36251,2684,750546,2020-14,21,13,1,0
4/6/20 0:00,2.80122,3.47366,1496,3426,24974,2686,718953,2020-15,4,11,1,1
4/13/20 0:00,2.12879,2.57382,1068,2666,18265,2666,709645,2020-16,9,9,3,0
4/20/20 0:00,1.73315,2.02032,926,2317,15164,2652,750576,2020-17,4,5,0,0
9/28/20 0:00,1.09211,1.08024,2454,4715,16466,3246,1524289,2020-40,0,0,1,0
10/5/20 0:00,1.21201,1.19451,2558,5239,19144,3318,1602667,2020-41,0,2,0,0
10/12/20 0:00,1.11151,1.09796,2313,4613,17235,3301,1569727,2020-42,1,4,1,0
10/19/20 0:00,1.18662,1.15393,2454,4834,18133,3330,1571417,2020-43,2,4,1,0
10/26/20 0:00,1.25262,1.18924,2512,4916,18554,3421,1560158,2020-44,1,5,1,0
11/2/20 0:00,1.44427,1.33759,2726,5825,21370,3425,1597645,2020-45,5,7,0,0
11/9/20 0:00,1.48969,1.37845,2776,5544,22598,3391,1639379,2020-46,5,7,1,0
11/16/20 0:00,1.56064,1.43236,2692,5342,22709,3334,1585429,2020-47,5,5,1,0
11/23/20 0:00,1.61944,1.49959,2484,4584,21313,3333,1421255,2020-48,2,4,2,0
11/30/20 0:00,1.57347,1.44967,2597,4861,22251,3339,1534905,2020-49,8,8,1,0
12/7/20 0:00,1.51939,1.42617,2504,4692,22103,3358,1549810,2020-50,4,6,3,0
12/14/20 0:00,1.50599,1.39797,2482,4282,20874,3299,1493163,2020-51,4,6,0,1
12/21/20 0:00,1.55485,1.45725,2323,3564,19836,3301,1361197,2020-52,3,10,0,0
12/28/20 0:00,1.58903,1.53781,2583,3933,22423,3280,1458113,2020-53,6,10,1,0
1/4/21 0:00,1.47519,1.4348,2414,4549,22711,3316,1582870,2021-1,3,8,0,0
1/11/21 0:00,1.28752,1.2606,2297,3975,19018,3278,1508647,2021-2,2,6,0,0
1/18/21 0:00,1.25172,1.21098,2566,4056,18350,3315,1515305,2021-3,1,3,1,0
1/25/21 0:00,1.10177,1.12283,2558,3953,16896,3324,1504764,2021-4,6,3,0,0
2/1/21 0:00,1.16565,1.08237,2636,4015,16098,3295,1487296,2021-5,3,7,1,0
2/8/21 0:00,1.00609,0.975086,2552,3730,14079,3246,1443873,2021-6,2,4,0,0
2/15/21 0:00,0.986101,0.907555,2318,3144,12591,3256,1387354,2021-7,2,2,0,0
2/22/21 0:00,0.864388,0.860857,2543,3541,13344,3276,1550083,2021-8,2,3,0,0
3/1/21 0:00,0.828056,0.842356,2771,3540,13000,3278,1543291,2021-9,5,4,0,0
3/8/21 0:00,0.882103,0.902897,3218,3806,14077,3284,1559093,2021-10,3,3,0,0
3/15/21 0:00,0.908033,0.939382,3514,3856,14574,3227,1551445,2021-11,0,2,1,0
3/22/21 0:00,0.947577,0.96011,3817,3915,15354,3201,1599192,2021-12,2,2,0,0
3/29/21 0:00,0.975225,0.998141,4116,4089,15993,3257,1602279,2021-13,3,1,0,0
4/5/21 0:00,1.06101,1.07796,4731,4685,18100,3277,1679101,2021-14,1,3,0,0
4/12/21 0:00,1.08091,1.1089,5227,4907,19165,3282,1728295,2021-15,0,2,0,1
4/19/21 0:00,1.10326,1.1502,5763,5093,19305,3248,1678407,2021-16,0,2,0,0
4/26/21 0:00,1.13361,1.1834,6326,5503,20099,3256,1698411,2021-17,1,2,0,0
10/4/21 0:00,2.04291,1.96951,13140,13154,39535,3501,2007349,2021-40,2,3,1,0
10/11/21 0:00,1.94883,1.90695,13072,11985,37638,3510,1973726,2021-41,5,7,0,0
10/18/21 0:00,1.92689,1.86187,12500,11458,35714,3474,1918176,2021-42,7,2,0,0
10/25/21 0:00,1.9797,1.89376,12859,11888,36639,3509,1934723,2021-43,5,4,0,0
11/1/21 0:00,2.13555,2.08777,13304,14454,40030,3515,1917361,2021-44,6,2,0,0
11/8/21 0:00,2.26828,2.22941,14565,15840,44163,3530,1980931,2021-45,15,1,1,0
11/15/21 0:00,2.41203,2.35687,14740,17358,47076,3526,1997393,2021-46,16,8,0,0
11/22/21 0:00,2.51906,2.45867,14918,13401,43324,3519,1762089,2021-47,45,1,0,0
11/29/21 0:00,2.55518,2.56351,15167,17353,52729,3545,2056903,2021-48,77,1,1,0
12/6/21 0:00,2.73156,2.71846,14971,19971,55069,3544,2025745,2021-49,122,3,0,0
12/13/21 0:00,3.14637,3.09823,16287,23450,62545,3518,2018736,2021-50,167,6,0,0
12/20/21 0:00,4.00697,4.07867,18515,25073,79225,3496,1942424,2021-51,209,2,0,0
12/27/21 0:00,4.90255,5.06901,24109,28952,113862,3455,2246237,2021-52,272,10,0,0
1/3/22 0:00,4.32609,4.28066,17044,24738,93262,3487,2178681,2022-1,177,7,0,0
1/10/22 0:00,3.53446,3.41579,12223,20214,69183,3499,2025389,2022-2,110,9,0,0
1/17/22 0:00,2.80631,2.67796,9492,13268,48498,3503,1811003,2022-3,69,4,2,0
1/24/22 0:00,2.07428,1.97776,7309,9526,34810,3485,1760073,2022-4,43,4,0,0
1/31/22 0:00,1.68283,1.56091,6082,7748,25831,3415,1654872,2022-5,45,7,0,1
2/7/22 0:00,1.44399,1.34542,6395,7610,23731,3474,1763832,2022-6,51,3,0,0
2/14/22 0:00,1.49042,1.37085,6917,8500,23946,3474,1746795,2022-7,58,7,0,0
2/21/22 0:00,1.46656,1.37026,7057,8330,23609,3472,1722955,2022-8,79,2,0,2
2/28/22 0:00,1.58712,1.42301,7423,9830,25801,3470,1813130,2022-9,102,1,0,0
3/7/22 0:00,1.70414,1.54683,8210,11085,28077,3485,1815133,2022-10,117,3,0,0
3/14/22 0:00,1.83426,1.67881,9042,12124,31359,3454,1867926,2022-11,175,6,0,0
3/21/22 0:00,1.87437,1.73443,9302,12648,32423,3449,1869370,2022-12,207,2,0,0
3/28/22 0:00,1.97666,1.85462,9613,13660,34822,3443,1877580,2022-13,276,3,0,1
4/4/22 0:00,2.07192,1.99404,10562,15187,38144,3453,1912899,2022-14,307,4,0,1
4/11/22 0:00,2.16356,2.12964,11336,16095,40966,3446,1923613,2022-15,315,1,0,0
4/18/22 0:00,2.20516,2.1833,11734,15748,42086,3457,1927635,2022-16,345,4,1,0
4/25/22 0:00,2.30897,2.21509,12070,16372,43420,3426,1960190,2022-17,351,8,1,0
5/2/22 0:00,2.36195,2.4143,12835,18631,47799,3394,1979830,2022-18,316,3,1,0
5/9/22 0:00,2.55252,2.60892,14243,19989,52025,3376,1994121,2022-19,292,9,0,0
5/16/22 0:00,2.4544,2.60434,15055,20746,54081,3414,2076569,2022-20,218,4,0,1
5/23/22 0:00,2.39129,2.66831,14561,19982,52385,3351,1963229,2022-21,183,3,0,1
5/30/22 0:00,2.43334,2.64646,15809,17507,51863,3345,1959711,2022-22,135,6,0,0
6/6/22 0:00,2.16338,2.29329,14154,13726,45240,3342,1972714,2022-23,89,4,0,1
10/3/22 0:00,2.61928,2.59379,18503,20141,57318,3684,2209814,2022-40,115,7,0,1
10/10/22 0:00,2.97342,2.85133,20623,22779,63388,3720,2223106,2022-41,152,8,1,1
10/17/22 0:00,3.33747,3.31688,23713,28368,75615,3726,2279700,2022-42,256,14,2,0
10/24/22 0:00,4.40914,4.4466,32012,45003,109496,3788,2462467,2022-43,493,16,2,2
10/31/22 0:00,5.46044,5.54702,37474,61015,139247,3776,2510305,2022-44,707,12,3,4
11/7/22 0:00,5.77391,5.67263,38651,57053,140055,3793,2468962,2022-45,915,21,0,9
11/14/22 0:00,5.95367,5.73531,34849,55229,137419,3777,2396019,2022-46,1114,23,2,1
11/21/22 0:00,7.46674,7.37142,39539,62925,164936,3765,2237505,2022-47,1985,34,3,17
11/28/22 0:00,7.22916,7.24012,38495,63623,185673,3767,2564503,2022-48,2493,30,0,21
12/5/22 0:00,6.83803,6.82928,32316,62563,167248,3750,2448985,2022-49,2103,30,2,13
12/12/22 0:00,6.32716,6.46231,28976,55613,151672,3751,2347026,2022-50,1831,28,5,8
12/19/22 0:00,5.98024,6.1412,25500,41624,129978,3715,2116491,2022-51,1611,22,2,6
12/26/22 0:00,5.33738,5.46656,22891,27251,112531,3703,2058533,2022-52,1479,26,1,10
1/2/23 0:00,3.94632,4.07732,16651,21006,92034,3740,2257219,2023-1,850,19,3,0
1/9/23 0:00,2.95379,3.05773,12231,18061,67720,3737,2214718,2023-2,359,13,3,1
1/16/23 0:00,2.64461,2.70671,11720,16915,57770,3730,2134322,2023-3,215,17,0,1
1/23/23 0:00,2.63254,2.67225,12170,18680,58231,3716,2179097,2023-4,115,16,0,2
1/30/23 0:00,2.58785,2.68591,12686,19751,59326,3734,2208786,2023-5,113,13,0,1
2/6/23 0:00,2.59797,2.70465,13271,20964,62258,3735,2301891,2023-6,89,11,1,1
2/13/23 0:00,2.57397,2.6371,13127,19818,59665,3695,2262519,2023-7,72,15,1,1
2/20/23 0:00,2.53338,2.58651,13478,18410,57223,3719,2212367,2023-8,53,25,1,2
2/27/23 0:00,2.41141,2.44348,12693,18281,55682,3725,2278801,2023-9,48,21,1,0
3/6/23 0:00,2.36135,2.40445,12840,18388,54686,3722,2274369,2023-10,45,28,1,0
3/13/23 0:00,2.35552,2.43524,13086,17814,54263,3713,2228243,2023-11,42,32,0,0
3/20/23 0:00,2.31452,2.41343,13043,18685,55394,3665,2295244,2023-12,45,34,0,1
3/27/23 0:00,2.26061,2.34891,12413,18078,53342,3688,2270922,2023-13,42,31,0,0
4/3/23 0:00,2.13495,2.20628,11586,15673,48355,3680,2191695,2023-14,45,24,0,1
4/10/23 0:00,2.01808,2.0726,11151,14832,46725,3665,2254413,2023-15,27,33,1,0
4/17/23 0:00,1.91773,1.95437,9912,14788,44507,3680,2277306,2023-16,34,24,1,0
4/24/23 0:00,1.91233,1.97315,10041,15803,44802,3677,2270577,2023-17,22,28,0,0
10/2/23 0:00,2.29437,2.25993,13519,19002,56312,4131,2491762,2023-40,50,12,0,0
10/9/23 0:00,2.35661,2.31333,14421,18599,57524,4152,2486632,2023-41,60,11,1,1
10/16/23 0:00,2.54534,2.51543,15720,20305,62503,4137,2484780,2023-42,55,21,1,2
10/23/23 0:00,2.73456,2.68187,16987,22384,67635,4162,2521937,2023-43,60,17,0,1
10/30/23 0:00,2.97593,2.91427,17798,24808,72231,4157,2478529,2023-44,117,24,0,0
11/6/23 0:00,3.44474,3.32776,21464,29464,85459,4153,2568065,2023-45,189,39,4,2
11/13/23 0:00,3.72733,3.57493,22024,30847,90948,4156,2544050,2023-46,248,37,0,1
11/20/23 0:00,3.96716,3.7901,22396,25940,85524,4169,2256510,2023-47,372,43,0,1
11/27/23 0:00,4.0711,3.96251,22647,30362,103712,4142,2617331,2023-48,580,64,0,1
12/4/23 0:00,4.43001,4.3577,23354,38183,114141,4106,2619296,2023-49,801,87,0,2
12/11/23 0:00,5.23531,5.20976,26077,48330,135998,4122,2610448,2023-50,1138,124,3,5
12/18/23 0:00,6.29628,6.3132,29770,53491,163265,4093,2586088,2023-51,1852,191,3,4
12/25/23 0:00,6.86008,6.90793,31488,41791,166750,4084,2413892,2023-52,2467,243,4,5
1/1/24 0:00,5.76943,5.76353,24677,32320,143938,4112,2497395,2024-1,1851,254,8,8
1/8/24 0:00,4.71303,4.7553,18151,31396,118459,4110,2491092,2024-2,1472,175,7,3
1/15/24 0:00,4.37645,4.35212,16160,29154,100098,4121,2299985,2024-3,1106,167,3,6
1/22/24 0:00,4.29285,4.22512,16225,34393,105571,4145,2498648,2024-4,1029,177,1,1
1/29/24 0:00,4.47024,4.27996,17267,38567,107922,4127,2521568,2024-5,925,149,1,2
2/5/24 0:00,4.51127,4.40173,17961,41789,112968,4130,2566444,2024-6,868,192,6,4
2/12/24 0:00,4.40434,4.33653,17400,38985,108366,4118,2498912,2024-7,835,186,2,1
2/19/24 0:00,4.38329,4.32522,17659,37127,107566,4111,2486951,2024-8,832,186,1,2
2/26/24 0:00,4.10181,4.08164,17334,36003,104864,4110,2569164,2024-9,798,213,4,3
3/4/24 0:00,3.7598,3.73403,16496,33098,94742,4114,2537260,2024-10,631,189,0,4
3/11/24 0:00,3.43549,3.40093,15876,29166,84963,4053,2498228,2024-11,508,149,1,0
3/18/24 0:00,3.11686,3.15455,15097,26542,78618,4106,2492206,2024-12,419,152,0,3
3/25/24 0:00,2.99938,3.0343,14434,23556,73845,4099,2433678,2024-13,411,118,0,3
4/1/24 0:00,2.79485,2.83344,13918,20517,68526,4074,2418470,2024-14,369,137,1,1
4/8/24 0:00,2.56441,2.59313,13267,19722,64449,4088,2485371,2024-15,285,99,0,1
4/15/24 0:00,2.27074,2.29554,11853,18319,57522,4074,2505816,2024-16,220,62,1,1
4/22/24 0:00,2.21342,2.24527,11399,18188,55413,4047,2467989,2024-17,158,47,1,2
4/29/24 0:00,2.12453,2.14655,11136,17612,53519,4001,2493255,2024-18,112,27,0,0
5/6/24 0:00,2.02811,2.04178,10369,16479,50457,4048,2471221,2024-19,95,19,1,1
5/13/24 0:00,1.99937,2.03197,10323,15732,49254,4002,2423948,2024-20,68,21,0,1
5/20/24 0:00,1.93241,1.95808,9847,14626,47562,3962,2429017,2024-21,66,17,0,1
5/27/24 0:00,1.90317,1.9223,9668,13385,44766,3951,2328772,2024-22,68,14,0,0
6/3/24 0:00,1.68241,1.72665,8276,11484,41248,3923,2388904,2024-23,49,16,0,0
6/10/24 0:00,1.60309,1.6062,7421,10231,37720,3916,2348396,2024-24,40,9,0,1
6/17/24 0:00,1.5073,1.54206,6731,9048,35781,3914,2320335,2024-25,54,9,0,1
6/24/24 0:00,1.48383,1.49644,6268,9093,35208,3861,2352786,2024-26,41,6,0,0
7/1/24 0:00,1.39299,1.44723,5810,8077,32093,3889,2217551,2024-27,44,8,0,0
7/8/24 0:00,1.45392,1.44843,6101,8819,34982,3876,2415173,2024-28,47,5,0,0
7/15/24 0:00,1.45455,1.43289,5727,8326,33474,3859,2336121,2024-29,23,11,0,0
7/22/24 0:00,1.5251,1.50564,6018,8651,34749,3887,2307921,2024-30,21,5,0,0
7/29/24 0:00,1.5366,1.49629,6006,8902,34935,3889,2334775,2024-31,17,1,0,0
8/5/24 0:00,1.54425,1.50949,6263,9040,34912,3839,2312831,2024-32,24,8,0,0
8/12/24 0:00,1.51967,1.54313,6296,9976,35347,3721,2290608,2024-33,25,4,1,0